               epoch,      train/box_loss,      train/cls_loss,      train/dfl_loss,   metrics/precision,      metrics/recall,     metrics/mAP_0.5,metrics/mAP_0.5:0.95,,        val/box_loss,        val/cls_loss,        val/dfl_loss,               x/lr0,               x/lr1,               x/lr2
221,0.54018,0.50465,1.1316,0.99655,0.99442,1,0.95153,0.956377,0.48236,0.2017,1.0758,0.001288,0.001288,0.001288
181,0.56373,0.53361,1.1353,0.98338,0.99778,0.99967,0.95064,0.955543,0.49499,0.2188,1.0673,0.002872,0.002872,0.002872
192,0.55907,0.53408,1.1427,0.99799,0.98385,0.99971,0.95046,0.955385,0.48121,0.22694,1.0793,0.0024364,0.0024364,0.0024364
234,0.52621,0.48603,1.1238,0.99708,0.99513,1,0.95031,0.955279,0.4829,0.19279,1.0681,0.0007732,0.0007732,0.0007732
223,0.54156,0.49594,1.1293,0.98501,0.99504,1,0.9503,0.95527,0.48098,0.20994,1.0731,0.0012088,0.0012088,0.0012088
220,0.54509,0.4927,1.1315,0.99621,0.99615,1,0.95014,0.955126,0.47241,0.21319,1.0682,0.0013276,0.0013276,0.0013276
187,0.56306,0.53693,1.1435,0.99662,0.99884,1,0.94999,0.954991,0.48461,0.22033,1.0707,0.0026344,0.0026344,0.0026344
225,0.53816,0.47927,1.1301,0.9952,0.99536,1,0.94966,0.954694,0.4819,0.19872,1.0711,0.0011296,0.0011296,0.0011296
219,0.53873,0.50397,1.1349,0.99564,0.99473,1,0.94937,0.954433,0.46508,0.20342,1.0626,0.0013672,0.0013672,0.0013672
198,0.55511,0.51665,1.1305,0.99143,0.98684,0.9997,0.94917,0.954223,0.47488,0.2144,1.0731,0.0021988,0.0021988,0.0021988
176,0.56592,0.5443,1.1338,0.97633,0.9862,0.99975,0.94914,0.954201,0.48209,0.22603,1.0689,0.00307,0.00307,0.00307
152,0.57621,0.55055,1.1318,0.96255,0.98524,0.99665,0.94906,0.953819,0.45612,0.23429,1.0554,0.0040204,0.0040204,0.0040204
227,0.53393,0.48023,1.1226,0.9953,0.99475,1,0.94865,0.953785,0.48128,0.19757,1.0724,0.0010504,0.0010504,0.0010504
191,0.55706,0.5237,1.138,0.99356,0.99759,1,0.94859,0.953731,0.46592,0.20528,1.0664,0.002476,0.002476,0.002476
228,0.53052,0.47115,1.1271,0.99588,0.99636,1,0.94859,0.953731,0.48345,0.19665,1.0722,0.0010108,0.0010108,0.0010108
197,0.55401,0.51088,1.1371,0.99182,0.99675,1,0.94856,0.953704,0.47839,0.2195,1.079,0.0022384,0.0022384,0.0022384
238,0.53273,0.47388,1.1235,0.99738,0.99439,1,0.94838,0.953542,0.47841,0.20593,1.0673,0.0006148,0.0006148,0.0006148
243,0.52604,0.46569,1.1245,0.99445,0.99371,1,0.94828,0.953452,0.48184,0.2021,1.0691,0.0004168,0.0004168,0.0004168
178,0.56974,0.54427,1.1429,0.99186,0.98206,0.99977,0.94824,0.953393,0.4996,0.22613,1.0845,0.0029908,0.0029908,0.0029908
218,0.54533,0.50559,1.1341,0.99466,0.98174,0.99955,0.94802,0.953173,0.46127,0.21216,1.0586,0.0014068,0.0014068,0.0014068
226,0.54526,0.49666,1.1322,0.99539,0.99363,1,0.94795,0.953155,0.48149,0.20255,1.0728,0.00109,0.00109,0.00109
237,0.5368,0.49478,1.1284,0.99659,0.9962,1,0.94789,0.953101,0.47621,0.20383,1.0635,0.0006544,0.0006544,0.0006544
235,0.53025,0.46596,1.1271,0.99768,0.99684,1,0.94777,0.952993,0.48492,0.19381,1.0669,0.0007336,0.0007336,0.0007336
193,0.55544,0.51725,1.1373,0.99005,0.99462,1,0.94772,0.952948,0.48387,0.21157,1.074,0.0023968,0.0023968,0.0023968
236,0.53225,0.47678,1.1291,0.99751,0.99692,1,0.94772,0.952948,0.47743,0.19438,1.0632,0.000694,0.000694,0.000694
190,0.56132,0.52803,1.1405,0.97604,0.99842,0.9994,0.94774,0.952906,0.46763,0.21788,1.0623,0.0025156,0.0025156,0.0025156
229,0.53992,0.48895,1.1311,0.99682,0.9942,1,0.94766,0.952894,0.4835,0.19632,1.0698,0.0009712,0.0009712,0.0009712
233,0.53126,0.48279,1.1263,0.99656,0.99446,1,0.94764,0.952876,0.48108,0.19627,1.0697,0.0008128,0.0008128,0.0008128
222,0.53701,0.5016,1.1349,0.99302,0.99606,1,0.94751,0.952759,0.47751,0.20653,1.07,0.0012484,0.0012484,0.0012484
214,0.547,0.5023,1.1305,0.99653,0.99396,1,0.94749,0.952741,0.46979,0.23637,1.0675,0.0015652,0.0015652,0.0015652
188,0.56118,0.52392,1.1352,0.99596,0.99246,0.99953,0.9472,0.952433,0.48442,0.21282,1.0706,0.0025948,0.0025948,0.0025948
162,0.57841,0.55535,1.1484,0.99471,0.99312,0.99928,0.94708,0.9523,0.50065,0.23063,1.079,0.0036244,0.0036244,0.0036244
199,0.55297,0.51885,1.1396,0.98985,0.99298,0.9994,0.94706,0.952294,0.47243,0.21321,1.0701,0.0021592,0.0021592,0.0021592
244,0.52683,0.47208,1.1267,0.99522,0.99431,1,0.94696,0.952264,0.4837,0.19888,1.07,0.0003772,0.0003772,0.0003772
189,0.56058,0.53644,1.1376,0.99487,0.98703,0.9997,0.94687,0.952153,0.479,0.2122,1.0695,0.0025552,0.0025552,0.0025552
179,0.55976,0.52801,1.1365,0.97079,0.99026,0.99952,0.94688,0.952144,0.47178,0.23816,1.0558,0.0029512,0.0029512,0.0029512
239,0.53726,0.4996,1.1306,0.99698,0.99465,1,0.94682,0.952138,0.48037,0.1963,1.0675,0.0005752,0.0005752,0.0005752
240,0.52232,0.46312,1.1222,0.99667,0.9941,1,0.94665,0.951985,0.48262,0.20166,1.0723,0.0005356,0.0005356,0.0005356
224,0.54371,0.4947,1.1254,0.98926,0.99041,1,0.94657,0.951913,0.48463,0.21261,1.076,0.0011692,0.0011692,0.0011692
245,0.53499,0.46894,1.1396,0.99576,0.9943,1,0.94656,0.951904,0.48428,0.20896,1.0708,0.0003376,0.0003376,0.0003376
180,0.55484,0.53858,1.1413,0.99218,0.98893,1,0.94649,0.951841,0.49584,0.21671,1.0783,0.0029116,0.0029116,0.0029116
248,0.52687,0.48193,1.1282,0.99652,0.99344,1,0.94648,0.951832,0.47964,0.21235,1.068,0.0002188,0.0002188,0.0002188
161,0.58327,0.5645,1.1401,0.98739,0.98699,0.99898,0.94653,0.951775,0.49866,0.23394,1.079,0.003664,0.003664,0.003664
230,0.53234,0.47831,1.1326,0.99712,0.99517,1,0.94639,0.951751,0.48255,0.19703,1.0685,0.0009316,0.0009316,0.0009316
249,0.53366,0.46343,1.1262,0.99564,0.99324,1,0.94614,0.951526,0.47975,0.20012,1.0684,0.0001792,0.0001792,0.0001792
216,0.54439,0.51206,1.1371,0.99038,0.98353,0.99983,0.946,0.951383,0.46499,0.21584,1.0625,0.001486,0.001486,0.001486
241,0.53494,0.4897,1.1334,0.99724,0.9944,1,0.94588,0.951292,0.48544,0.20533,1.0725,0.000496,0.000496,0.000496
182,0.55583,0.53222,1.14,0.99075,0.99379,1,0.9458,0.95122,0.48736,0.22344,1.0663,0.0028324,0.0028324,0.0028324
242,0.53261,0.47353,1.1246,0.99647,0.99399,1,0.94575,0.951175,0.48259,0.20327,1.0704,0.0004564,0.0004564,0.0004564
195,0.55362,0.51583,1.1311,0.99156,0.99779,1,0.94562,0.951058,0.48654,0.20926,1.0796,0.0023176,0.0023176,0.0023176
246,0.53635,0.47961,1.1335,0.99598,0.99415,1,0.94559,0.951031,0.48234,0.2156,1.0713,0.000298,0.000298,0.000298
194,0.54943,0.51688,1.1343,0.99607,0.99729,1,0.94554,0.950986,0.49457,0.21089,1.0851,0.0023572,0.0023572,0.0023572
175,0.56452,0.5356,1.1394,0.99355,0.9738,0.99931,0.94554,0.950917,0.48744,0.23233,1.0708,0.0031096,0.0031096,0.0031096
200,0.54963,0.51486,1.138,0.99513,0.99649,1,0.94536,0.950824,0.48973,0.20695,1.0769,0.0021196,0.0021196,0.0021196
183,0.55498,0.53547,1.144,0.99342,0.99685,1,0.94534,0.950806,0.49533,0.22351,1.0793,0.0027928,0.0027928,0.0027928
217,0.54739,0.51204,1.133,0.98625,0.99906,0.9997,0.9451,0.95056,0.46017,0.20284,1.0615,0.0014464,0.0014464,0.0014464
184,0.56194,0.53161,1.1394,0.9857,0.99726,0.99985,0.94508,0.950557,0.48976,0.23012,1.0758,0.0027532,0.0027532,0.0027532
196,0.54792,0.50849,1.1329,0.99246,0.9955,1,0.94505,0.950545,0.48195,0.21329,1.0753,0.002278,0.002278,0.002278
204,0.54844,0.50706,1.1349,0.99342,0.99368,1,0.94483,0.950347,0.47645,0.20827,1.0715,0.0019612,0.0019612,0.0019612
201,0.55017,0.51337,1.1359,0.9961,0.99889,1,0.94478,0.950302,0.48539,0.20562,1.0764,0.00208,0.00208,0.00208
247,0.52512,0.46635,1.1254,0.99602,0.99417,1,0.94474,0.950266,0.47996,0.21469,1.0684,0.0002584,0.0002584,0.0002584
207,0.5501,0.51116,1.136,0.99522,0.98653,0.99985,0.9447,0.950215,0.47502,0.21157,1.0722,0.0018424,0.0018424,0.0018424
215,0.54474,0.50016,1.1313,0.99362,0.99336,1,0.94467,0.950203,0.47014,0.22187,1.0644,0.0015256,0.0015256,0.0015256
232,0.52857,0.4671,1.1269,0.99654,0.99434,1,0.94462,0.950158,0.48426,0.19623,1.0722,0.0008524,0.0008524,0.0008524
158,0.56772,0.54135,1.1467,0.99268,0.96766,0.99835,0.94477,0.950128,0.47746,0.23523,1.0693,0.0037828,0.0037828,0.0037828
231,0.5324,0.48925,1.1295,0.99752,0.99463,1,0.94451,0.950059,0.48462,0.20166,1.0714,0.000892,0.000892,0.000892
151,0.58235,0.56494,1.1573,0.95577,0.97744,0.99679,0.94473,0.949936,0.47751,0.25722,1.0667,0.00406,0.00406,0.00406
159,0.58032,0.5526,1.1458,0.99606,0.9987,1,0.9442,0.94978,0.49829,0.22495,1.0757,0.0037432,0.0037432,0.0037432
163,0.56796,0.5482,1.1393,0.98724,0.98532,0.99956,0.94392,0.949484,0.48696,0.22751,1.0762,0.0035848,0.0035848,0.0035848
143,0.58807,0.58476,1.1586,0.9987,0.97715,0.99941,0.9439,0.949451,0.5222,0.24718,1.1002,0.0043768,0.0043768,0.0043768
202,0.55475,0.51337,1.1426,0.99603,0.99504,1,0.94358,0.949222,0.48882,0.21401,1.079,0.0020404,0.0020404,0.0020404
213,0.52926,0.49179,1.1315,0.99089,0.99623,1,0.94338,0.949042,0.46976,0.20121,1.0713,0.0016048,0.0016048,0.0016048
145,0.58634,0.57958,1.1477,0.99225,0.97285,0.99833,0.94353,0.94901,0.49836,0.25685,1.0851,0.0042976,0.0042976,0.0042976
186,0.55689,0.52297,1.1452,0.98617,0.99877,0.99966,0.94323,0.948873,0.49033,0.21418,1.0746,0.002674,0.002674,0.002674
146,0.57755,0.57587,1.1446,0.98863,0.99802,0.99981,0.94321,0.94887,0.48307,0.22617,1.0677,0.004258,0.004258,0.004258
205,0.54383,0.50224,1.1356,0.99613,0.99447,1,0.94318,0.948862,0.47305,0.20679,1.0663,0.0019216,0.0019216,0.0019216
208,0.54464,0.49507,1.133,0.99671,0.98708,0.99971,0.9432,0.948851,0.47197,0.21098,1.0733,0.0018028,0.0018028,0.0018028
212,0.53582,0.4989,1.1285,0.99529,0.97051,0.99815,0.94332,0.948803,0.46925,0.2147,1.0707,0.0016444,0.0016444,0.0016444
167,0.57731,0.55418,1.1495,0.98674,0.98741,0.99904,0.94313,0.948721,0.45644,0.23955,1.0536,0.0034264,0.0034264,0.0034264
148,0.5906,0.58583,1.1522,0.98894,0.97569,0.99763,0.94327,0.948706,0.48586,0.24119,1.0831,0.0041788,0.0041788,0.0041788
203,0.54651,0.50898,1.1369,0.99711,0.99906,1,0.94295,0.948655,0.48768,0.21695,1.0835,0.0020008,0.0020008,0.0020008
206,0.54308,0.49784,1.1269,0.98864,0.99221,0.99977,0.94296,0.948641,0.47694,0.20782,1.0663,0.001882,0.001882,0.001882
154,0.57788,0.56144,1.1398,0.98982,0.9897,0.99947,0.94298,0.948629,0.48193,0.22464,1.0669,0.0039412,0.0039412,0.0039412
209,0.54813,0.49771,1.1323,0.9921,0.99388,1,0.94248,0.948232,0.48213,0.21729,1.0785,0.0017632,0.0017632,0.0017632
177,0.56172,0.53632,1.1395,0.97221,0.98398,0.99795,0.94255,0.94809,0.4875,0.23883,1.0782,0.0030304,0.0030304,0.0030304
116,0.59584,0.611,1.1549,0.98711,0.97507,0.99876,0.94223,0.947883,0.5017,0.2633,1.0892,0.005446,0.005446,0.005446
174,0.55858,0.5324,1.1423,0.99116,0.97887,0.99867,0.94215,0.947802,0.48582,0.22876,1.0713,0.0031492,0.0031492,0.0031492
211,0.54171,0.49567,1.134,0.9824,0.98237,0.9986,0.94209,0.947741,0.47354,0.21481,1.0744,0.001684,0.001684,0.001684
160,0.57497,0.55214,1.1423,0.98748,0.9818,0.99902,0.942,0.947702,0.48594,0.2356,1.0662,0.0037036,0.0037036,0.0037036
172,0.57111,0.54564,1.1392,0.99317,0.98812,0.99969,0.94155,0.947364,0.50082,0.23604,1.0786,0.0032284,0.0032284,0.0032284
210,0.5464,0.51339,1.1345,0.9906,0.9793,0.99917,0.94157,0.94733,0.47015,0.21509,1.07,0.0017236,0.0017236,0.0017236
185,0.56346,0.52859,1.139,0.99557,0.9868,0.99971,0.94139,0.947222,0.49352,0.21911,1.0845,0.0027136,0.0027136,0.0027136
170,0.56518,0.54433,1.1369,0.9946,0.98235,0.99924,0.94118,0.946986,0.48058,0.22805,1.0672,0.0033076,0.0033076,0.0033076
127,0.59605,0.62096,1.1522,0.9848,0.97489,0.99809,0.94106,0.946763,0.51898,0.27301,1.1154,0.0050104,0.0050104,0.0050104
122,0.59349,0.6082,1.1527,0.95469,0.97733,0.99685,0.94117,0.946738,0.46436,0.25646,1.0601,0.0052084,0.0052084,0.0052084
153,0.57618,0.55578,1.1439,0.95767,0.98302,0.99573,0.94126,0.946707,0.48087,0.27658,1.0799,0.0039808,0.0039808,0.0039808
142,0.58611,0.57274,1.1505,0.99231,0.98761,0.9997,0.94072,0.946618,0.51414,0.23628,1.0899,0.0044164,0.0044164,0.0044164
155,0.59041,0.57062,1.1431,0.99282,0.96916,0.9975,0.94092,0.946578,0.49792,0.24308,1.0808,0.0039016,0.0039016,0.0039016
164,0.55668,0.5469,1.1413,0.98469,0.98795,0.99875,0.94064,0.946451,0.47963,0.23167,1.0688,0.0035452,0.0035452,0.0035452
169,0.5782,0.55522,1.1449,0.98428,0.98082,0.99765,0.94069,0.946386,0.47081,0.23903,1.0633,0.0033472,0.0033472,0.0033472
136,0.5835,0.58253,1.1546,0.9878,0.95609,0.99677,0.94057,0.94619,0.47953,0.2578,1.085,0.004654,0.004654,0.004654
173,0.56292,0.54177,1.1436,0.98921,0.97891,0.99829,0.94011,0.945928,0.51439,0.23563,1.0961,0.0031888,0.0031888,0.0031888
165,0.57163,0.55015,1.1437,0.98253,0.98313,0.99954,0.93969,0.945675,0.49363,0.2443,1.0891,0.0035056,0.0035056,0.0035056
139,0.58405,0.58308,1.1517,0.99468,0.96553,0.99755,0.93982,0.945593,0.51163,0.25262,1.102,0.0045352,0.0045352,0.0045352
119,0.60207,0.62237,1.1555,0.97481,0.98017,0.99522,0.93983,0.945369,0.49786,0.26922,1.0922,0.0053272,0.0053272,0.0053272
157,0.57663,0.56055,1.1432,0.99325,0.99444,0.99957,0.93922,0.945255,0.50324,0.22991,1.087,0.0038224,0.0038224,0.0038224
166,0.5803,0.54865,1.1425,0.99407,0.98572,0.99956,0.93908,0.945128,0.48919,0.22294,1.0758,0.003466,0.003466,0.003466
132,0.59388,0.60465,1.1529,0.99032,0.94856,0.99688,0.93866,0.944482,0.49522,0.25477,1.0872,0.0048124,0.0048124,0.0048124
171,0.57157,0.54276,1.1404,0.99111,0.99836,1,0.93782,0.944038,0.49742,0.22487,1.0826,0.003268,0.003268,0.003268
140,0.58835,0.59203,1.1528,0.98242,0.97452,0.99862,0.93796,0.944026,0.50387,0.24921,1.0919,0.0044956,0.0044956,0.0044956
129,0.59703,0.6071,1.1565,0.98953,0.9743,0.99857,0.93795,0.944012,0.49246,0.2625,1.0756,0.0049312,0.0049312,0.0049312
168,0.57791,0.55559,1.15,0.98254,0.9906,0.99777,0.93802,0.943995,0.47218,0.24271,1.0631,0.0033868,0.0033868,0.0033868
138,0.58688,0.58531,1.1529,0.9395,0.98835,0.99632,0.93818,0.943994,0.50823,0.27404,1.0957,0.0045748,0.0045748,0.0045748
87,0.63158,0.66558,1.1751,0.9807,0.97855,0.99521,0.9382,0.943901,0.46176,0.28177,1.0599,0.0065944,0.0065944,0.0065944
147,0.5785,0.55825,1.1427,0.98882,0.99198,0.9996,0.93743,0.943647,0.51659,0.23049,1.0908,0.0042184,0.0042184,0.0042184
118,0.5994,0.60431,1.156,0.97478,0.96964,0.99314,0.9379,0.943424,0.48339,0.275,1.0785,0.0053668,0.0053668,0.0053668
141,0.59289,0.58786,1.1506,0.97711,0.96707,0.99868,0.93685,0.943033,0.511,0.26662,1.0872,0.004456,0.004456,0.004456
137,0.59157,0.5764,1.146,0.99197,0.94517,0.9943,0.93731,0.943009,0.51628,0.26747,1.0966,0.0046144,0.0046144,0.0046144
103,0.61685,0.63247,1.1607,0.98935,0.98755,0.99859,0.93642,0.942637,0.49979,0.25763,1.0783,0.0059608,0.0059608,0.0059608
150,0.57647,0.55597,1.1422,0.96157,0.99384,0.99812,0.93629,0.942473,0.49592,0.2467,1.0816,0.0040996,0.0040996,0.0040996
135,0.57942,0.58094,1.1498,0.94531,0.9904,0.99675,0.93643,0.942462,0.51188,0.27496,1.0917,0.0046936,0.0046936,0.0046936
125,0.59188,0.59468,1.1524,0.97869,0.97945,0.99721,0.93636,0.942445,0.47032,0.24751,1.0667,0.0050896,0.0050896,0.0050896
109,0.61254,0.61998,1.1668,0.97716,0.96305,0.99525,0.93636,0.942249,0.4995,0.27747,1.0868,0.0057232,0.0057232,0.0057232
149,0.58205,0.57911,1.1473,0.9774,0.96259,0.9954,0.93615,0.942075,0.48955,0.24499,1.077,0.0041392,0.0041392,0.0041392
134,0.59386,0.60238,1.1562,0.98281,0.96831,0.99701,0.93572,0.941849,0.49978,0.25176,1.078,0.0047332,0.0047332,0.0047332
86,0.62812,0.66438,1.1624,0.95994,0.96253,0.99523,0.93554,0.941509,0.501,0.30974,1.091,0.006634,0.006634,0.006634
99,0.61628,0.63594,1.164,0.98873,0.98706,0.99706,0.93495,0.941161,0.48791,0.26408,1.0765,0.0061192,0.0061192,0.0061192
115,0.60384,0.60756,1.1498,0.96938,0.95581,0.99409,0.93525,0.941134,0.48603,0.27639,1.0751,0.0054856,0.0054856,0.0054856
144,0.5932,0.59768,1.1552,0.98742,0.97608,0.99845,0.93469,0.941066,0.51577,0.24429,1.1162,0.0043372,0.0043372,0.0043372
121,0.59952,0.60286,1.1567,0.96396,0.98748,0.99438,0.9347,0.940668,0.50984,0.26353,1.1077,0.005248,0.005248,0.005248
111,0.61108,0.62309,1.1586,0.96892,0.94211,0.99518,0.9346,0.940658,0.50731,0.2902,1.0853,0.005644,0.005644,0.005644
133,0.58745,0.57318,1.1435,0.97829,0.95851,0.9947,0.93435,0.940385,0.51432,0.26091,1.0941,0.0047728,0.0047728,0.0047728
123,0.60453,0.60717,1.1608,0.9693,0.97547,0.99359,0.93402,0.939977,0.48123,0.2635,1.0768,0.0051688,0.0051688,0.0051688
131,0.59636,0.60504,1.1599,0.99005,0.93733,0.99602,0.93369,0.939923,0.49431,0.29881,1.0811,0.004852,0.004852,0.004852
94,0.62114,0.65051,1.1639,0.99484,0.97899,0.99745,0.93316,0.939589,0.49544,0.27791,1.0989,0.0063172,0.0063172,0.0063172
124,0.59431,0.58403,1.1559,0.9696,0.97553,0.99551,0.93331,0.93953,0.51756,0.26919,1.088,0.0051292,0.0051292,0.0051292
96,0.62415,0.65299,1.1576,0.97868,0.9592,0.99533,0.93332,0.939521,0.49661,0.30204,1.0854,0.006238,0.006238,0.006238
126,0.60522,0.61846,1.1608,0.97656,0.96409,0.99489,0.93309,0.93927,0.51793,0.28855,1.0997,0.00505,0.00505,0.00505
112,0.60633,0.61079,1.1506,0.96569,0.96245,0.99435,0.93307,0.939198,0.50119,0.30058,1.0881,0.0056044,0.0056044,0.0056044
105,0.60819,0.62888,1.1614,0.95328,0.95585,0.99053,0.93321,0.938942,0.48025,0.28817,1.0641,0.0058816,0.0058816,0.0058816
130,0.5963,0.59655,1.1484,0.96058,0.96424,0.99857,0.93219,0.938828,0.51327,0.27618,1.0846,0.0048916,0.0048916,0.0048916
114,0.60949,0.62539,1.1584,0.98402,0.98587,0.99841,0.93211,0.93874,0.51953,0.26456,1.1027,0.0055252,0.0055252,0.0055252
100,0.61239,0.63445,1.1611,0.9857,0.98071,0.99723,0.93145,0.938028,0.50943,0.2765,1.0847,0.0060796,0.0060796,0.0060796
98,0.60636,0.635,1.1433,0.96342,0.9636,0.9912,0.93207,0.937983,0.49785,0.30809,1.0955,0.0061588,0.0061588,0.0061588
128,0.58507,0.58661,1.1525,0.97559,0.9388,0.99254,0.9317,0.937784,0.50124,0.29998,1.0986,0.0049708,0.0049708,0.0049708
156,0.58006,0.56594,1.1436,0.96685,0.96383,0.99464,0.93114,0.93749,0.49884,0.27807,1.0918,0.003862,0.003862,0.003862
102,0.60084,0.63816,1.1594,0.96541,0.94981,0.99351,0.93118,0.937413,0.50505,0.29965,1.0798,0.0060004,0.0060004,0.0060004
107,0.60033,0.63782,1.1593,0.95952,0.92421,0.99078,0.93105,0.937023,0.47215,0.33886,1.085,0.0058024,0.0058024,0.0058024
117,0.60412,0.63068,1.1597,0.9863,0.97418,0.99689,0.93026,0.936923,0.50255,0.27226,1.0875,0.0054064,0.0054064,0.0054064
80,0.63038,0.68099,1.1705,0.96817,0.97991,0.99559,0.93035,0.936874,0.49819,0.29145,1.0763,0.0068716,0.0068716,0.0068716
81,0.62429,0.66495,1.1647,0.96029,0.97417,0.99544,0.92902,0.935662,0.50172,0.29842,1.089,0.006832,0.006832,0.006832
89,0.61961,0.65547,1.1727,0.98057,0.95856,0.99192,0.92906,0.935346,0.47176,0.30075,1.0671,0.0065152,0.0065152,0.0065152
92,0.62849,0.66253,1.1667,0.96964,0.95174,0.9887,0.92926,0.935204,0.47359,0.30209,1.0708,0.0063964,0.0063964,0.0063964
106,0.61198,0.63276,1.1576,0.98051,0.95015,0.993,0.92843,0.934887,0.50582,0.27487,1.0818,0.005842,0.005842,0.005842
83,0.63199,0.68503,1.1807,0.95055,0.97668,0.995,0.92791,0.934619,0.51597,0.31265,1.0874,0.0067528,0.0067528,0.0067528
78,0.63633,0.67949,1.1655,0.98416,0.96701,0.99247,0.9276,0.934087,0.49896,0.29248,1.0961,0.0069508,0.0069508,0.0069508
90,0.62647,0.67391,1.1616,0.97621,0.93776,0.98891,0.9279,0.934001,0.48101,0.30163,1.0637,0.0064756,0.0064756,0.0064756
110,0.60963,0.6093,1.1573,0.96117,0.97274,0.98469,0.92813,0.933786,0.49572,0.3163,1.069,0.0056836,0.0056836,0.0056836
108,0.61937,0.64615,1.1586,0.97678,0.96252,0.99359,0.92699,0.93365,0.48652,0.28205,1.0839,0.0057628,0.0057628,0.0057628
97,0.62783,0.64693,1.1674,0.94141,0.94648,0.9822,0.92799,0.933411,0.49414,0.35207,1.0907,0.0061984,0.0061984,0.0061984
113,0.60722,0.61242,1.1675,0.96019,0.95568,0.98883,0.92662,0.932841,0.53837,0.30694,1.1038,0.0055648,0.0055648,0.0055648
120,0.60137,0.58891,1.1474,0.95318,0.94815,0.9858,0.92601,0.931989,0.47877,0.32585,1.0768,0.0052876,0.0052876,0.0052876
104,0.60834,0.63627,1.1614,0.93516,0.96114,0.98657,0.92536,0.931481,0.48881,0.34895,1.0694,0.0059212,0.0059212,0.0059212
95,0.63157,0.64196,1.1677,0.97103,0.94253,0.99189,0.92473,0.931446,0.52662,0.29107,1.1102,0.0062776,0.0062776,0.0062776
76,0.63725,0.68162,1.1731,0.96393,0.95938,0.98896,0.92491,0.931315,0.49948,0.32624,1.0732,0.00703,0.00703,0.00703
64,0.65442,0.73031,1.1868,0.96256,0.92796,0.98598,0.92512,0.931206,0.54131,0.3559,1.1065,0.0075052,0.0075052,0.0075052
68,0.64109,0.70759,1.1741,0.95677,0.93011,0.98496,0.92466,0.93069,0.47511,0.33738,1.0711,0.0073468,0.0073468,0.0073468
71,0.64857,0.69219,1.176,0.94247,0.97072,0.98621,0.92418,0.930383,0.48776,0.30777,1.0724,0.007228,0.007228,0.007228
79,0.63132,0.67445,1.1704,0.96169,0.95136,0.98941,0.92363,0.930208,0.48123,0.31463,1.0946,0.0069112,0.0069112,0.0069112
85,0.62984,0.66346,1.1649,0.96224,0.95395,0.98906,0.92343,0.929993,0.51152,0.35237,1.0913,0.0066736,0.0066736,0.0066736
74,0.64019,0.7029,1.1648,0.93199,0.95113,0.98523,0.92371,0.929862,0.48103,0.34955,1.0717,0.0071092,0.0071092,0.0071092
93,0.61506,0.62848,1.1609,0.93035,0.97661,0.98755,0.92233,0.928852,0.50437,0.31175,1.0822,0.0063568,0.0063568,0.0063568
75,0.63376,0.67376,1.1669,0.95204,0.95942,0.98946,0.92155,0.928341,0.52509,0.33605,1.0883,0.0070696,0.0070696,0.0070696
72,0.64154,0.68964,1.1722,0.95125,0.94557,0.98607,0.92103,0.927534,0.50116,0.34518,1.0917,0.0071884,0.0071884,0.0071884
91,0.63048,0.6613,1.1719,0.94321,0.95812,0.98733,0.92052,0.927201,0.50337,0.33475,1.0777,0.006436,0.006436,0.006436
70,0.64682,0.71198,1.1747,0.94441,0.95883,0.98421,0.92,0.926421,0.5223,0.35544,1.0883,0.0072676,0.0072676,0.0072676
60,0.6464,0.72055,1.1691,0.96579,0.91666,0.98509,0.91945,0.926014,0.50438,0.33872,1.0902,0.0076636,0.0076636,0.0076636
61,0.65884,0.72375,1.1783,0.91924,0.9699,0.98277,0.91819,0.924648,0.52623,0.35432,1.0979,0.007624,0.007624,0.007624
82,0.63125,0.67547,1.1678,0.91988,0.94679,0.98122,0.91759,0.923953,0.51013,0.34502,1.0936,0.0067924,0.0067924,0.0067924
101,0.61392,0.63948,1.1681,0.94439,0.95056,0.98377,0.91574,0.922543,0.51427,0.32205,1.0862,0.00604,0.00604,0.00604
69,0.6437,0.71076,1.1794,0.93855,0.9402,0.97254,0.91462,0.920412,0.48939,0.39511,1.0751,0.0073072,0.0073072,0.0073072
55,0.66261,0.73317,1.1799,0.93557,0.93148,0.98316,0.91239,0.919467,0.52734,0.38678,1.1044,0.0078616,0.0078616,0.0078616
65,0.65021,0.71103,1.174,0.95812,0.92265,0.97784,0.9127,0.919214,0.52704,0.35685,1.1156,0.0074656,0.0074656,0.0074656
77,0.6368,0.68575,1.1753,0.95816,0.92752,0.97995,0.91236,0.919119,0.50093,0.33457,1.1007,0.0069904,0.0069904,0.0069904
73,0.64163,0.70568,1.1775,0.95547,0.91529,0.97451,0.91168,0.917963,0.49955,0.36633,1.0777,0.0071488,0.0071488,0.0071488
88,0.63822,0.66596,1.165,0.92482,0.91465,0.97703,0.91114,0.917729,0.51891,0.40439,1.106,0.0065548,0.0065548,0.0065548
67,0.63849,0.70245,1.1701,0.89236,0.94481,0.9711,0.91148,0.917442,0.47147,0.38941,1.0626,0.0073864,0.0073864,0.0073864
66,0.65216,0.71273,1.1855,0.92486,0.94521,0.97523,0.91093,0.91736,0.47702,0.39901,1.0663,0.007426,0.007426,0.007426
59,0.65258,0.73894,1.1741,0.95051,0.96126,0.98109,0.90918,0.916371,0.54041,0.35559,1.1188,0.0077032,0.0077032,0.0077032
62,0.65061,0.71576,1.1793,0.94427,0.87945,0.96642,0.91021,0.915831,0.52568,0.44721,1.1009,0.0075844,0.0075844,0.0075844
57,0.67629,0.74989,1.1852,0.95669,0.94877,0.9762,0.90907,0.915783,0.52655,0.36488,1.1116,0.0077824,0.0077824,0.0077824
84,0.62514,0.66502,1.1607,0.94831,0.92149,0.97719,0.90839,0.91527,0.54225,0.41645,1.0907,0.0067132,0.0067132,0.0067132
58,0.66787,0.74274,1.1817,0.91778,0.9359,0.97573,0.90633,0.91327,0.56068,0.37294,1.113,0.0077428,0.0077428,0.0077428
46,0.67125,0.77377,1.1797,0.95411,0.93311,0.97679,0.90443,0.911666,0.54093,0.38372,1.1026,0.008218,0.008218,0.008218
52,0.67806,0.77229,1.1853,0.93833,0.92183,0.96931,0.90298,0.909613,0.47715,0.38384,1.0797,0.0079804,0.0079804,0.0079804
41,0.69446,0.81736,1.2013,0.95316,0.90688,0.97081,0.90249,0.909322,0.53493,0.39904,1.1113,0.008416,0.008416,0.008416
50,0.6747,0.77471,1.1867,0.9458,0.91783,0.9754,0.90178,0.909142,0.55883,0.41601,1.1178,0.0080596,0.0080596,0.0080596
43,0.69246,0.8078,1.1967,0.93757,0.88788,0.96982,0.90114,0.908008,0.50575,0.42411,1.0921,0.0083368,0.0083368,0.0083368
39,0.69437,0.82691,1.2035,0.9102,0.89458,0.95737,0.8967,0.902767,0.52213,0.44198,1.1004,0.0084952,0.0084952,0.0084952
34,0.70217,0.84159,1.1961,0.91316,0.94286,0.9573,0.89423,0.900537,0.49966,0.45269,1.094,0.0086932,0.0086932,0.0086932
42,0.67929,0.80154,1.1961,0.91502,0.89115,0.9573,0.88986,0.896604,0.55175,0.43803,1.1049,0.0083764,0.0083764,0.0083764
56,0.66336,0.73967,1.1762,0.95978,0.8678,0.95934,0.88953,0.896511,0.58677,0.45271,1.1261,0.007822,0.007822,0.007822
31,0.71823,0.87887,1.2029,0.90331,0.91051,0.96096,0.88794,0.895242,0.55321,0.45096,1.1294,0.008812,0.008812,0.008812
28,0.71605,0.87756,1.2024,0.9042,0.91893,0.95659,0.8863,0.893329,0.52246,0.47086,1.0971,0.0089308,0.0089308,0.0089308
49,0.68401,0.78324,1.1829,0.88806,0.88406,0.95111,0.88658,0.893033,0.55818,0.48386,1.1248,0.0080992,0.0080992,0.0080992
30,0.71171,0.875,1.2117,0.88551,0.94902,0.96145,0.88535,0.89296,0.56562,0.45618,1.1286,0.0088516,0.0088516,0.0088516
45,0.68405,0.80049,1.1953,0.88982,0.93278,0.95116,0.88625,0.892741,0.50796,0.45182,1.1002,0.0082576,0.0082576,0.0082576
32,0.71179,0.87528,1.208,0.92454,0.91423,0.95598,0.88461,0.891747,0.53434,0.41343,1.1084,0.0087724,0.0087724,0.0087724
53,0.66796,0.75406,1.1806,0.93603,0.90541,0.9559,0.88456,0.891694,0.53673,0.39717,1.1052,0.0079408,0.0079408,0.0079408
37,0.69403,0.81421,1.1915,0.89711,0.85398,0.94853,0.88518,0.891515,0.54398,0.49064,1.1179,0.0085744,0.0085744,0.0085744
44,0.68686,0.76991,1.1879,0.93048,0.8354,0.95414,0.88324,0.89033,0.52707,0.52772,1.1126,0.0082972,0.0082972,0.0082972
48,0.67926,0.78129,1.1858,0.87391,0.88649,0.94225,0.88143,0.887512,0.52218,0.47963,1.1034,0.0081388,0.0081388,0.0081388
38,0.69572,0.8267,1.2044,0.91948,0.91843,0.96332,0.87905,0.887477,0.58087,0.45053,1.143,0.0085348,0.0085348,0.0085348
54,0.66673,0.75208,1.1923,0.90971,0.90778,0.9436,0.88001,0.886369,0.52445,0.47557,1.0914,0.0079012,0.0079012,0.0079012
51,0.65971,0.74337,1.1747,0.89265,0.91837,0.94504,0.8794,0.885964,0.51917,0.46269,1.102,0.00802,0.00802,0.00802
27,0.72685,0.89926,1.2102,0.89093,0.91799,0.95446,0.87294,0.881092,0.5714,0.46848,1.1306,0.0089704,0.0089704,0.0089704
33,0.7127,0.85571,1.2032,0.92154,0.88103,0.94632,0.87099,0.878523,0.56374,0.48013,1.1254,0.0087328,0.0087328,0.0087328
36,0.70113,0.82865,1.198,0.84396,0.94054,0.94125,0.87127,0.878268,0.5512,0.4631,1.139,0.008614,0.008614,0.008614
63,0.65291,0.71824,1.1727,0.85738,0.91802,0.92735,0.86586,0.872009,0.54999,0.58599,1.1244,0.0075448,0.0075448,0.0075448
47,0.66892,0.77585,1.1858,0.87698,0.89126,0.92683,0.86212,0.868591,0.54414,0.50992,1.1022,0.0081784,0.0081784,0.0081784
22,0.74842,0.96337,1.2271,0.86903,0.91801,0.94309,0.86027,0.868552,0.6103,0.48451,1.1759,0.0091684,0.0091684,0.0091684
40,0.68328,0.81747,1.1972,0.865,0.87718,0.92765,0.85976,0.866549,0.58955,0.60292,1.1516,0.0084556,0.0084556,0.0084556
35,0.70802,0.84818,1.2087,0.84212,0.89363,0.92659,0.8572,0.864139,0.57086,0.52979,1.1228,0.0086536,0.0086536,0.0086536
26,0.72647,0.91743,1.2093,0.83373,0.89597,0.91668,0.85122,0.857766,0.53939,0.53286,1.1367,0.00901,0.00901,0.00901
25,0.73775,0.90992,1.2135,0.87549,0.86582,0.93519,0.8472,0.855999,0.62938,0.60076,1.158,0.0090496,0.0090496,0.0090496
24,0.74229,0.94345,1.2152,0.89919,0.85389,0.93091,0.8442,0.852871,0.61945,0.51487,1.1582,0.0090892,0.0090892,0.0090892
16,0.7958,1.0753,1.2412,0.81927,0.88737,0.9131,0.84009,0.847391,0.57538,0.55001,1.1269,0.009406,0.009406,0.009406
21,0.76461,0.99706,1.2281,0.84912,0.89506,0.9065,0.83563,0.842717,0.54448,0.56972,1.1279,0.009208,0.009208,0.009208
15,0.81352,1.0908,1.2537,0.81095,0.8984,0.90463,0.82702,0.834781,0.63483,0.59296,1.1686,0.0094456,0.0094456,0.0094456
29,0.73139,0.89588,1.2119,0.84829,0.87448,0.90144,0.82582,0.833382,0.56709,0.65386,1.1385,0.0088912,0.0088912,0.0088912
20,0.76729,1.008,1.2358,0.85387,0.86425,0.89905,0.81993,0.827842,0.64466,0.59858,1.2019,0.0092476,0.0092476,0.0092476
18,0.77474,1.023,1.2465,0.85273,0.87248,0.90393,0.81938,0.827835,0.66259,0.54498,1.1873,0.0093268,0.0093268,0.0093268
23,0.74025,0.93487,1.2244,0.81216,0.91697,0.88826,0.81884,0.825782,0.54859,0.60404,1.1101,0.0091288,0.0091288,0.0091288
17,0.79234,1.0568,1.2501,0.82674,0.87847,0.89183,0.8152,0.822863,0.64011,0.61149,1.1961,0.0093664,0.0093664,0.0093664
14,0.81469,1.1223,1.2614,0.77647,0.88151,0.85481,0.78194,0.789227,0.61035,0.75276,1.1634,0.0094852,0.0094852,0.0094852
7,0.93099,1.3639,1.3261,0.72057,0.86972,0.84072,0.76086,0.768846,0.67035,0.74627,1.2112,0.0097624,0.0097624,0.0097624
19,0.7763,1.0142,1.2296,0.74664,0.8334,0.83132,0.76065,0.767717,0.64604,0.81234,1.1867,0.0092872,0.0092872,0.0092872
9,0.86933,1.2809,1.298,0.61617,0.87844,0.83232,0.75449,0.762273,0.63722,0.9966,1.1985,0.0096832,0.0096832,0.0096832
11,0.83219,1.1887,1.2739,0.75421,0.8851,0.8458,0.75214,0.761506,0.65266,0.64078,1.1778,0.009604,0.009604,0.009604
13,0.81275,1.1225,1.2553,0.75107,0.7533,0.8241,0.75207,0.759273,0.59049,1.0774,1.1624,0.0095248,0.0095248,0.0095248
8,0.89427,1.3209,1.3063,0.68953,0.82912,0.81662,0.74569,0.752783,0.63357,0.77238,1.1705,0.0097228,0.0097228,0.0097228
6,0.9693,1.4462,1.3539,0.72563,0.83315,0.79266,0.71957,0.726879,0.65348,0.99615,1.2245,0.009802,0.009802,0.009802
12,0.83039,1.1583,1.2526,0.65532,0.91219,0.78273,0.71566,0.722367,0.57893,1.2253,1.1505,0.0095644,0.0095644,0.0095644
10,0.8625,1.2333,1.2809,0.7632,0.77872,0.77663,0.7126,0.719003,0.60088,1.0564,1.1614,0.0096436,0.0096436,0.0096436
5,1.0025,1.5213,1.3791,0.72765,0.81909,0.77723,0.70564,0.712799,0.61237,0.94945,1.1881,0.0098416,0.0098416,0.0098416
4,1.0677,1.6554,1.4349,0.72055,0.76803,0.77233,0.67469,0.684454,0.75129,1.0145,1.3122,0.0098812,0.0098812,0.0098812
3,1.1941,1.8605,1.5611,0.59566,0.76768,0.73205,0.64433,0.653102,0.77799,1.1468,1.3534,0.0098812,0.0098812,0.0098812
2,1.3383,2.0599,1.7611,0.42276,0.65829,0.66924,0.58721,0.595413,0.84476,1.643,1.4945,0.010362,0.0098722,0.0098722
1,1.7537,2.4656,2.2764,0.41399,0.73675,0.57578,0.48066,0.490172,1.2767,2.0465,1.9916,0.040415,0.0065914,0.0065914
0,3.9617,4.2954,4.2374,0.19046,0.77194,0.25357,0.18449,0.191398,1.8524,3.3,3.2271,0.070441,0.0032843,0.0032843
